"","Period","log_CPI","log_indu","LIBOR","Neer","Unempl"
"1","1977M01",2.98996195365319,4.20728153910679,13.59,1.713,5.5
"2","1977M02",2.99839116495398,4.20411697950382,11.61,1.7104,5.5
"3","1977M03",3.01114308962156,4.20411697950382,10.42,1.7175,5.5
"4","1977M04",3.02430530784006,4.19456276669901,8.73,1.7192,5.5
"5","1977M05",3.0321636375232,4.22139942065257,7.73,1.7186,5.5
"6","1977M06",3.04337622320216,4.18005808049613,7.89,1.7193,5.6
"7","1977M07",3.04867606790759,4.18491638964721,7.82,1.7225,5.6
"8","1977M08",3.05709650501721,4.19456276669901,6.91,1.7398,5.7
"9","1977M09",3.06482699084641,4.19775765759553,6.14,1.7432,5.7
"10","1977M10",3.07028805180386,4.19456276669901,4.99,1.7708,5.7
"11","1977M11",3.07663122317777,4.18653059500175,5.3,1.8175,5.7
"12","1977M12",3.08254337551615,4.20570051110947,6.81,1.8536,5.7
"13","1978M01",3.08521534116784,4.20411697950382,6.26,1.9347,5.6
"14","1978M02",3.09018240382889,4.20411697950382,6.87,1.9404,5.6
"15","1978M03",3.09660784023348,4.19296148533204,6.82,1.9084,5.6
"16","1978M04",3.10226713764315,4.25207667289962,7.62,1.851,5.6
"17","1978M05",3.10623936024201,4.21827929331633,9.3,1.8183,5.6
"18","1978M06",3.11451697225454,4.21827929331633,10.04,1.8374,5.5
"19","1978M07",3.12297311781209,4.23378347985229,10.18,1.8944,5.5
"20","1978M08",3.1330351274195,4.24144635259786,9.45,1.942,5.5
"21","1978M09",3.13947935131839,4.24144635259786,9.36,1.9589,5.5
"22","1978M10",3.14556403416743,4.22139942065257,10.57,2.0068,5.4
"23","1978M11",3.15391790067996,4.22761062074521,12.07,1.9601,5.4
"24","1978M12",3.16315251709344,4.258100787503,12.36,1.9844,5.3
"25","1979M01",3.17533898925697,4.18653059500175,12.69,2.0051,5.3
"26","1979M02",3.18316121217818,4.258100787503,13.32,2.0035,5.4
"27","1979M03",3.19244672358328,4.27152380783514,12.05,2.0382,5.3
"28","1979M04",3.19648046713185,4.27004122787492,11.69,2.0728,5.3
"29","1979M05",3.20411107821985,4.28476903458516,11.82,2.0579,5.3
"30","1979M06",3.22212290825547,4.3007229625274,13.12,2.1119,5.3
"31","1979M07",3.26815204627778,4.28914540918496,13.98,2.2601,5.3
"32","1979M08",3.27922724431001,4.25358610714847,14.12,2.2384,5.4
"33","1979M09",3.2917132854482,4.2505649568143,14.17,2.1998,5.4
"34","1979M10",3.30335406679112,4.25358610714847,14.21,2.1449,5.4
"35","1979M11",3.31309205637945,4.26706945748576,16.25,2.1328,5.5
"36","1979M12",3.32173565368329,4.27300419300557,16.81,2.2005,5.6
"37","1980M01",3.34451430204917,4.26558025393429,17.16,2.2658,5.7
"38","1980M02",3.35851257896656,4.2429719059067,17.77,2.2898,5.8
"39","1980M03",3.37295410927355,4.23838824623904,18.11,2.2063,6
"40","1980M04",3.39439060508098,4.20886007139984,17.64,2.2162,6.1
"41","1980M05",3.40279781771886,4.2104361158553,17.04,2.304,6.3
"42","1980M06",3.41359172648297,4.21200968030273,16.77,2.3359,6.5
"43","1980M07",3.42475733791108,4.18975120970179,15.88,2.3727,6.8
"44","1980M08",3.42984952403677,4.17354339947494,16.53,2.3705,7.1
"45","1980M09",3.43871753783161,4.15540605149782,16,2.402,7.4
"46","1980M10",3.44598128708767,4.15207271507806,15.98,2.4168,7.7
"47","1980M11",3.45449345622151,4.15207271507806,15.84,2.3964,8
"48","1980M12",3.46176135834178,4.14537252250824,14.73,2.3459,8.3
"49","1981M01",3.46761947661604,4.14369043632526,14.28,2.4047,8.6
"50","1981M02",3.47636730268599,4.15207271507806,13.04,2.2941,8.9
"51","1981M03",3.4920429568899,4.15207271507806,12.65,2.2326,9.1
"52","1981M04",3.50857000324615,4.15706856227143,12.33,2.179,9.4
"53","1981M05",3.51392154754956,4.14200551596034,12.4,2.0895,9.6
"54","1981M06",3.52145805749789,4.16369110303193,12.66,1.9738,9.7
"55","1981M07",3.52865540245539,4.16698599892878,13.79,1.8764,9.8
"56","1981M08",3.53827406721763,4.17027007412997,14.18,1.821,9.9
"57","1981M09",3.54648727468759,4.17190807613421,14.79,1.817,10
"58","1981M10",3.55579546800527,4.19456276669901,16.33,1.8427,10.1
"59","1981M11",3.5664486195433,4.181680140868,15.06,1.9038,10.2
"60","1981M12",3.57498647896588,4.16698599892878,15.44,1.9052,10.3
"61","1982M01",3.58143436132169,4.16698599892878,15.13,1.8875,10.4
"62","1982M02",3.5813063862575,4.17354339947494,14.48,1.8468,10.4
"63","1982M03",3.59050990711338,4.17517605289882,13.57,1.8072,10.5
"64","1982M04",3.59875663549435,4.18814219889609,13.77,1.7721,10.5
"65","1982M05",3.60481272111719,4.19775765759553,13.35,1.8115,10.6
"66","1982M06",3.6096708053229,4.1832995744203,13,1.7578,10.6
"67","1982M07",3.61307886810281,4.1832995744203,12.37,1.7348,10.7
"68","1982M08",3.61466290203192,4.19296148533204,11.11,1.7267,10.8
"69","1982M09",3.61657165913961,4.19296148533204,10.88,1.7141,10.9
"70","1982M10",3.62149013312045,4.18653059500175,9.79,1.6978,11
"71","1982M11",3.62640887078538,4.17027007412997,9.39,1.633,11.1
"72","1982M12",3.62719978065289,4.1832995744203,10.62,1.6185,11.2
"73","1983M01",3.62986528821728,4.19616148806271,11.21,1.5733,11.2
"74","1983M02",3.63353906711172,4.21200968030273,11.33,1.5328,11.3
"75","1983M03",3.63563107561279,4.19775765759553,10.98,1.4906,11.3
"76","1983M04",3.63780515632875,4.20886007139984,10.26,1.5412,11.3
"77","1983M05",3.64125570988413,4.22139942065257,10.26,1.5732,11.4
"78","1983M06",3.64586056579134,4.20570051110947,9.94,1.5491,11.5
"79","1983M07",3.65501691308407,4.22295584120023,9.89,1.5283,11.5
"80","1983M08",3.65983559527552,4.22295584120023,9.87,1.5017,11.5
"81","1983M09",3.66663003709688,4.22761062074521,9.69,1.4984,11.6
"82","1983M10",3.66974797250848,4.23838824623904,9.38,1.4974,11.6
"83","1983M11",3.67320208814034,4.23685567888926,9.3,1.4776,11.7
"84","1983M12",3.67865160623766,4.24144635259786,9.42,1.4355,11.7
"85","1984M01",3.67974828478508,4.25509326643904,9.45,1.4082,11.8
"86","1984M02",3.68316598949626,4.24601604828793,9.38,1.4402,11.8
"87","1984M03",3.68620919595122,4.23378347985229,8.95,1.4566,11.9
"88","1984M04",3.68814192197686,4.2151494003074,8.88,1.4238,11.9
"89","1984M05",3.69170808238937,4.20728153910679,9.4,1.3893,11.9
"90","1984M06",3.69653019813891,4.2151494003074,9.45,1.3774,11.8
"91","1984M07",3.6995636697492,4.20094237366305,11.51,1.3211,11.8
"92","1984M08",3.70870832150219,4.19616148806271,11.07,1.314,11.7
"93","1984M09",3.71260495574037,4.21358077253478,10.83,1.259,11.7
"94","1984M10",3.71815457096288,4.2151494003074,10.67,1.2202,11.7
"95","1984M11",3.72110097906496,4.20886007139984,9.91,1.2416,11.6
"96","1984M12",3.72294804959649,4.22606143375838,9.82,1.1873,11.6
"97","1985M01",3.72831408308753,4.24144635259786,11.68,1.1286,11.5
"98","1985M02",3.7354482379145,4.24144635259786,13.78,1.0932,11.5
"99","1985M03",3.74471093229943,4.26706945748576,13.63,1.123,11.4
"100","1985M04",3.75549081302935,4.27595840490301,12.76,1.2424,11.4
"101","1985M05",3.76009691776341,4.28476903458516,12.66,1.2503,11.4
"102","1985M06",3.76429066767864,4.30646185919642,12.44,1.2809,11.3
"103","1985M07",3.76671512187736,4.26706945748576,12.04,1.3783,11.3
"104","1985M08",3.76928832581178,4.27595840490301,11.5,1.3834,11.3
"105","1985M09",3.76958811408744,4.29350271455392,11.55,1.3654,11.3
"106","1985M10",3.77079294264564,4.27300419300557,11.55,1.4223,11.3
"107","1985M11",3.77363496416746,4.28476903458516,11.57,1.4403,11.3
"108","1985M12",3.7775215353569,4.258100787503,11.76,1.4461,11.3
"109","1986M01",3.78115629070087,4.27004122787492,12.8636,1.423,11.3
"110","1986M02",3.78507420998986,4.27890391513276,12.7188,1.4302,11.3
"111","1986M03",3.78458889367344,4.2876887446885,11.8125,1.467,11.3
"112","1986M04",3.78670858821725,4.3007229625274,10.5767,1.4986,11.3
"113","1986M05",3.7873259264641,4.2833059765334,10.2656,1.5206,11.3
"114","1986M06",3.78947959240559,4.29784111615251,9.8229,1.5089,11.4
"115","1986M07",3.79121715678053,4.28914540918496,10.0258,1.508,11.4
"116","1986M08",3.79362806105432,4.28914540918496,9.8953,1.4867,11.4
"117","1986M09",3.79948369870783,4.31500891977488,10.1889,1.4716,11.3
"118","1986M10",3.80027468847236,4.31784178285918,11.1603,1.4276,11.3
"119","1986M11",3.80788606823321,4.31358947312065,11.2461,1.4253,11.3
"120","1986M12",3.81397171826453,4.31784178285918,11.4085,1.4383,11.2
"121","1987M01",3.81948174761026,4.29784111615251,11.0938,1.5071,11.2
"122","1987M02",3.82348097645545,4.33049128392326,10.8922,1.5271,11.1
"123","1987M03",3.8249829484898,4.32629253737691,10.0142,1.5919,11
"124","1987M04",3.82758119535044,4.31784178285918,9.8266,1.6299,10.9
"125","1987M05",3.8286845931733,4.33606232897271,8.866,1.6661,10.7
"126","1987M06",3.83080904516854,4.33188695756223,8.9418,1.6293,10.6
"127","1987M07",3.83489088633199,4.34985565110505,9.248,1.6099,10.4
"128","1987M08",3.83709795713248,4.3471121651593,10.0828,1.5975,10.2
"129","1987M09",3.84006458105779,4.34022033912138,10.196,1.6462,10
"130","1987M10",3.8432481249343,4.35259163092392,10.0277,1.6621,9.9
"131","1987M11",3.84771413637999,4.35122457671239,8.9985,1.7754,9.7
"132","1987M12",3.85014663514886,4.35939900915195,8.8162,1.8273,9.5
"133","1988M01",3.85185079989779,4.3688521517957,8.9594,1.7981,9.4
"134","1988M02",3.85410399386926,4.35668161617545,9.2879,1.7578,9.2
"135","1988M03",3.85811265962111,4.37287630209543,8.913,1.8324,9
"136","1988M04",3.86212804547549,4.3648117422587,8.3413,1.8765,8.9
"137","1988M05",3.86567357660102,4.37555010047983,8.0594,1.8694,8.7
"138","1988M06",3.87187078980848,4.37954744091245,8.9751,1.779,8.6
"139","1988M07",3.87716195116789,4.38485249314214,10.5737,1.7042,8.5
"140","1988M08",3.88249795946855,4.39537890612913,11.4105,1.6983,8.4
"141","1988M09",3.88591621810675,4.40579566698739,12.1903,1.6833,8.3
"142","1988M10",3.89014186887444,4.39406914824707,12.0424,1.7382,8.2
"143","1988M11",3.89628743171969,4.40449949052594,12.3182,1.809,8
"144","1988M12",3.89962161390906,4.3979932867032,13.1734,1.8282,7.9
"145","1989M01",3.9061118000628,4.40320163181034,13.16,1.7748,7.7
"146","1989M02",3.91013477230155,4.40579566698739,13.0641,1.7541,7.6
"147","1989M03",3.91526504362361,4.39275767264926,13.0684,1.7146,7.4
"148","1989M04",3.91878108499665,4.4173862668023,13.1836,1.7022,7.3
"149","1989M05",3.92440703391447,4.3914444748243,13.2009,1.6295,7.2
"150","1989M06",3.92820167182887,4.3914444748243,14.1825,1.5532,7.2
"151","1989M07",3.93381423069829,4.39406914824707,13.9632,1.6244,7.1
"152","1989M08",3.93461118271394,4.41482216283336,13.891,1.5955,7.1
"153","1989M09",3.94120068142348,4.40967414631596,14.0722,1.5715,7.1
"154","1989M10",3.94701235045062,4.40449949052594,15.0682,1.5882,7
"155","1989M11",3.95154157058694,4.41225146733026,15.1541,1.5724,7
"156","1989M12",3.95652465388757,4.41096363714583,15.1546,1.5957,7
"157","1990M01",3.96357896798421,4.40060085011028,15.1989,1.6523,6.9
"158","1990M02",3.97279742159695,4.39406914824707,15.1492,1.6962,6.9
"159","1990M03",3.97621596384845,4.40838299055234,15.3168,1.6246,6.9
"160","1990M04",3.99309752897094,4.41482216283336,15.2582,1.6374,6.9
"161","1990M05",4.00187310724306,4.40838299055234,15.192,1.6778,6.9
"162","1990M06",4.00717925592233,4.42376790939182,15.013,1.7094,6.9
"163","1990M07",4.01292173093528,4.39929791832987,14.9858,1.8081,7
"164","1990M08",4.02058801426383,4.40060085011028,15.0174,1.8998,7.1
"165","1990M09",4.02801454641962,4.39537890612913,14.9512,1.8786,7.2
"166","1990M10",4.03539068415779,4.39406914824707,14.0622,1.9454,7.3
"167","1990M11",4.04019404026413,4.38881289435824,13.6811,1.9647,7.5
"168","1990M12",4.04433069850091,4.38352886621163,13.8692,1.9257,7.6
"169","1991M01",4.04804085010559,4.3808763447625,14.0085,1.9348,7.8
"170","1991M02",4.05093781360799,4.3808763447625,13.2953,1.9655,8
"171","1991M03",4.05485217361235,4.37019533534217,12.4609,1.8265,8.2
"172","1991M04",4.07006107853597,4.35668161617545,11.9918,1.7502,8.5
"173","1991M05",4.0753910441424,4.3688521517957,11.5662,1.7252,8.7
"174","1991M06",4.0820727714156,4.37153671716637,11.2984,1.6499,8.8
"175","1991M07",4.08463734542608,4.36346130316083,11.1297,1.6503,9
"176","1991M08",4.09307703566531,4.35259163092392,10.939,1.6841,9.2
"177","1991M09",4.09479745634684,4.35395681884926,10.3341,1.7249,9.3
"178","1991M10",4.09888559270767,4.36616036012999,10.4582,1.7226,9.4
"179","1991M11",4.1022865350981,4.3688521517957,10.5297,1.7787,9.5
"180","1991M12",4.10711613444298,4.3648117422587,10.8332,1.8258,9.5
"181","1992M01",4.10766798855649,4.3648117422587,10.7049,1.8127,9.6
"182","1992M02",4.1117992879946,4.37019533534217,10.4203,1.7781,9.7
"183","1992M03",4.11568537858762,4.36616036012999,10.6704,1.7238,9.8
"184","1992M04",4.12088502747269,4.37287630209543,10.6828,1.7576,9.8
"185","1992M05",4.12486317956721,4.35259163092392,10.104,1.8109,9.8
"186","1992M06",4.12637248330013,4.36210903791081,10.0508,1.8556,9.9
"187","1992M07",4.12928240508716,4.37153671716637,10.2024,1.9186,9.9
"188","1992M08",4.12897688136096,4.37019533534217,10.4016,1.9412,9.9
"189","1992M09",4.13048942915758,4.37688432349297,10.0373,1.8559,10.1
"190","1992M10",4.13364890333987,4.38749450260498,8.3935,1.6577,10.2
"191","1992M11",4.13552711447327,4.37421409493709,7.2671,1.5275,10.4
"192","1992M12",4.13776456557982,4.37287630209543,7.2295,1.5536,10.5
"193","1993M01",4.13851437778421,4.37421409493709,6.9793,1.5325,10.7
"194","1993M02",4.14228155666216,4.38881289435824,6.2309,1.4386,10.6
"195","1993M03",4.14576786932333,4.37954744091245,6.0319,1.4625,10.6
"196","1993M04",4.14636373232641,4.3808763447625,6.0387,1.5472,10.5
"197","1993M05",4.14720128031384,4.38881289435824,6.0423,1.5481,10.4
"198","1993M06",4.14864597193321,4.38220348497057,5.9517,1.5099,10.4
"199","1993M07",4.15179093841364,4.3914444748243,6.0036,1.4963,10.3
"200","1993M08",4.15431144458519,4.39406914824707,5.9129,1.4911,10.2
"201","1993M09",4.1573350755227,4.3979932867032,5.9599,1.5261,10.3
"202","1993M10",4.15797496588783,4.40060085011028,5.8136,1.5037,10.2
"203","1993M11",4.15659602576496,4.40967414631596,5.6076,1.4806,10.3
"204","1993M12",4.15962895805371,4.41225146733026,5.3835,1.4904,10.3
"205","1994M01",4.16347888633037,4.41866585750792,5.4437,1.4939,10.1
"206","1994M02",4.16553319792793,4.42122013731302,5.2633,1.4799,9.9
"207","1994M03",4.16723843350401,4.42630920682049,5.2276,1.4917,9.8
"208","1994M04",4.16989060015481,4.43891971441242,5.28,1.4837,9.7
"209","1994M05",4.17087501111869,4.45137317548371,5.2273,1.5029,9.7
"210","1994M06",4.17220961789039,4.44017206272888,5.1879,1.5252,9.6
"211","1994M07",4.17216564545683,4.44516583090937,5.2664,1.5463,9.5
"212","1994M08",4.17599542629873,4.44889485946924,5.5774,1.5427,9.4
"213","1994M09",4.17582089072057,4.45754222651042,5.7681,1.5651,9.3
"214","1994M10",4.17543155407151,4.45999923020347,5.9747,1.6057,9.1
"215","1994M11",4.17846098703114,4.45877148296515,6.1254,1.5886,9
"216","1994M12",4.18250164651867,4.46855151201879,6.4268,1.5595,8.9
"217","1995M01",4.18631354996347,4.45137317548371,6.6378,1.5747,8.9
"218","1995M02",4.18820730300579,4.4526100340211,6.8045,1.572,8.9
"219","1995M03",4.19153401359282,4.45507917107802,6.7255,1.6005,8.8
"220","1995M04",4.1929854583797,4.46367345356536,6.7363,1.6074,8.8
"221","1995M05",4.19549712529506,4.46245021182261,6.7762,1.5868,8.7
"222","1995M06",4.19835461805156,4.45631145712429,6.7148,1.5949,8.7
"223","1995M07",4.20120085155083,4.46245021182261,6.8769,1.5953,8.6
"224","1995M08",4.20328165950922,4.46367345356536,6.8757,1.5681,8.6
"225","1995M09",4.20602431256259,4.46733422641504,6.7954,1.5584,8.6
"226","1995M10",4.2058139697902,4.46367345356536,6.8178,1.5779,8.6
"227","1995M11",4.20704529883273,4.46855151201879,6.7209,1.5623,8.3
"228","1995M12",4.21218368281493,4.4746158119863,6.5499,1.5398,8.4
"229","1996M01",4.21460529206638,4.46976731763968,6.4419,1.5306,8.3
"230","1996M02",4.2179775294586,4.47703127209791,6.2455,1.5364,8.2
"231","1996M03",4.21978780199243,4.47823681775325,6.1399,1.5271,8.3
"232","1996M04",4.22158252405547,4.46611545722091,6.0845,1.5145,8.3
"233","1996M05",4.22397141752775,4.47340589048359,6.1165,1.5152,8.3
"234","1996M06",4.22678919275425,4.46733422641504,5.9348,1.5418,8.2
"235","1996M07",4.22639164140112,4.46611545722091,5.8217,1.5539,8.1
"236","1996M08",4.22985300839913,4.47340589048359,5.8365,1.5502,8.1
"237","1996M09",4.23238487936029,4.47944091181806,5.8637,1.5597,8.1
"238","1996M10",4.23516584389003,4.47823681775325,6.0195,1.5862,8
"239","1996M11",4.23751232537545,4.48424284181347,6.3869,1.6626,7.8
"240","1996M12",4.2394672019672,4.48902182342982,6.4316,1.6647,7.7
"241","1997M01",4.24102967640968,4.48902182342982,6.4089,1.6587,7.5
"242","1997M02",4.24134969467432,4.49496361155857,6.2885,1.6246,7.3
"243","1997M03",4.24109329841617,4.48663518745209,6.3041,1.6063,7.2
"244","1997M04",4.24272973259615,4.48782921744469,6.4544,1.6295,7.2
"245","1997M05",4.24439462907976,4.48782921744469,6.5321,1.6334,7.2
"246","1997M06",4.2471644057343,4.49021300879997,6.755,1.6446,7.3
"247","1997M07",4.25086648799019,4.50791258589937,7.0414,1.6702,7.1
"248","1997M08",4.25297632359137,4.49733047656883,7.2435,1.6034,6.8
"249","1997M09",4.25385784492957,4.50557066445429,7.2955,1.6015,6.7
"250","1997M10",4.25649854527889,4.51722580804604,7.3539,1.6329,6.6
"251","1997M11",4.25715897030989,4.52645309381511,7.6262,1.689,6.5
"252","1997M12",4.2575914971155,4.53445771059773,7.7195,1.6597,6.4
"253","1998M01",4.25850640013662,4.54352806756769,7.5805,1.6353,6.4
"254","1998M02",4.26014662256967,4.55139769783911,7.5439,1.6407,6.4
"255","1998M03",4.26169974024646,4.55475152993754,7.5668,1.662,6.3
"256","1998M04",4.26368095954712,4.55251689213612,7.5353,1.6733,6.3
"257","1998M05",4.26575150816402,4.53673302443486,7.4881,1.6366,6.3
"258","1998M06",4.26562352873179,4.532177207899,7.714,1.6507,6.3
"259","1998M07",4.26761338986559,4.524154242228,7.8062,1.6437,6.3
"260","1998M08",4.2685202705952,4.52185009374315,7.7282,1.632,6.2
"261","1998M09",4.27065990547214,4.51374350621016,7.4677,1.6822,6.2
"262","1998M10",4.27185287505714,4.51490562139034,7.2185,1.6952,6.2
"263","1998M11",4.27374953067755,4.52069602552505,6.9745,1.662,6.1
"264","1998M12",4.27562330375481,4.53786874289879,6.4713,1.6705,6.2
"265","1999M01",4.27854555874125,4.56474606066254,5.9034,1.6509,6.2
"266","1999M02",4.27861316527247,4.55920588028692,5.532,1.6276,6.2
"267","1999M03",4.28279230083371,4.5680554955639,5.4041,1.622,6.2
"268","1999M04",4.28316134985416,4.56474606066254,5.3187,1.6105,6.1
"269","1999M05",4.28379215174018,4.57245110703694,5.3484,1.6154,6
"270","1999M06",4.28360215096348,4.56695356707775,5.2211,1.595,6
"271","1999M07",4.28410941519397,4.58227115321792,5.1669,1.5747,5.9
"272","1999M08",4.28517748165382,4.58984284974881,5.2563,1.6073,5.9
"273","1999M09",4.2858690774634,4.59628755519145,5.4107,1.6243,5.8
"274","1999M10",4.28701864835495,4.59521631780995,6.0256,1.6572,5.8
"275","1999M11",4.28890158596393,4.60481639153897,5.8725,1.6214,5.8
"276","1999M12",4.29071562212242,4.59091985577645,6.0528,1.6132,5.9
"277","2000M01",4.28987768296607,4.59521631780995,6.139,1.6402,5.8
"278","2000M02",4.29126667219745,4.5973576462513,6.2378,1.5998,5.8
"279","2000M03",4.29246257565731,4.5941439316482,6.2284,1.5802,5.7
"280","2000M04",4.29269610490026,4.5941439316482,6.2951,1.5837,5.6
"281","2000M05",4.29338117777437,4.58768535160879,6.3028,1.5075,5.5
"282","2000M06",4.29581018362415,4.5941439316482,6.2268,1.5089,5.3
"283","2000M07",4.29623792504448,4.58768535160879,6.1925,1.5088,5.3
"284","2000M08",4.29472204220883,4.60056106596883,6.2181,1.491,5.3
"285","2000M09",4.2995719985556,4.59628755519145,6.2057,1.4355,5.4
"286","2000M10",4.30067491187156,4.60056106596883,6.1627,1.4511,5.3
"287","2000M11",4.30395137686743,4.61011021014869,6.0863,1.4256,5.2
"288","2000M12",4.30294539589928,4.63513758525394,5.965,1.4625,5.2
"289","2001M01",4.30228175238624,4.64232078699743,5.8434,1.4769,5.2
"290","2001M02",4.30358583692122,4.64232078699743,5.7565,1.4529,5.1
"291","2001M03",4.30470717424483,4.64232078699743,5.5513,1.4454,5
"292","2001M04",4.30759363054605,4.63719519914862,5.4049,1.435,4.9
"293","2001M05",4.31235587813107,4.62790241157315,5.2498,1.4259,5
"294","2001M06",4.314571200239,4.6289392183016,5.2585,1.4014,5
"295","2001M07",4.31230347565551,4.62165889493348,5.2544,1.4139,5.1
"296","2001M08",4.31492747450124,4.63513758525394,4.9966,1.4365,5.1
"297","2001M09",4.31589441620329,4.62061450841556,4.7313,1.4635,5.1
"298","2001M10",4.31550806672354,4.614325179508,4.4282,1.4517,5.1
"299","2001M11",4.31611502412014,4.61221991557254,3.9967,1.4358,5.2
"300","2001M12",4.31629456547368,4.61537615175398,4.0485,1.4409,5.2
"301","2002M01",4.31967735715162,4.61956903001402,4.0441,1.4323,5.1
"302","2002M02",4.32101036532003,4.63100961241591,4.0527,1.4231,5.2
"303","2002M03",4.32161109740026,4.66156188692445,4.1277,1.4225,5.2
"304","2002M04",4.32421130284719,4.63307572885338,4.1725,1.4434,5.2
"305","2002M05",4.32446789257544,4.66156188692445,4.1537,1.4593,5.2
"306","2002M06",4.32517114148501,4.61221991557254,4.1761,1.4863,5.2
"307","2002M07",4.32673156135882,4.64742023710978,4.0605,1.5546,5.2
"308","2002M08",4.32810805165981,4.63410718846004,3.9855,1.5377,5.3
"309","2002M09",4.32938707166673,4.64843701401486,3.9887,1.5561,5.2
"310","2002M10",4.33141183388951,4.63100961241591,3.964,1.5574,5.2
"311","2002M11",4.33212044862656,4.63924858796046,3.9714,1.5723,5.1
"312","2002M12",4.33345066567971,4.64843701401486,4.0178,1.5863,5
"313","2003M01",4.33399887362139,4.6494527581347,3.9826,1.6169,5.1
"314","2003M02",4.33544855346445,4.66855841721429,3.7542,1.6085,5.2
"315","2003M03",4.33800255020756,4.6705484676223,3.655,1.5836,5.1
"316","2003M04",4.33959225831884,4.66356589561116,3.6446,1.5747,5
"317","2003M05",4.33772405397015,4.65653422424749,3.6344,1.623,4.9
"318","2003M06",4.33706592913676,4.66756190492455,3.6397,1.6606,5.1
"319","2003M07",4.33962515072094,4.6705484676223,3.4902,1.6242,5.1
"320","2003M08",4.34103977304418,4.66955393745579,3.5225,1.595,5
"321","2003M09",4.34273517949762,4.66556589627783,3.6967,1.6131,5
"322","2003M10",4.34456683718242,4.67649496681002,3.8034,1.6787,4.9
"323","2003M11",4.34524449676281,4.66556589627783,3.9804,1.6901,4.9
"324","2003M12",4.34629135857123,4.66556589627783,4.0172,1.7507,4.8
"325","2004M01",4.3482505292651,4.67451672679791,4.0562,1.8234,4.8
"326","2004M02",4.34978151558635,4.67253456559392,4.1665,1.8673,4.8
"327","2004M03",4.34960656317985,4.68436902324092,4.2967,1.8267,4.8
"328","2004M04",4.35011232196586,4.68142351301117,4.3942,1.8005,4.8
"329","2004M05",4.35213831468771,4.66656439860742,4.5269,1.7876,4.8
"330","2004M06",4.35259486608371,4.66356589561116,4.7897,1.8275,4.8
"331","2004M07",4.35368849582152,4.65350544858532,4.857,1.8429,4.7
"332","2004M08",4.35504687375193,4.6412977690054,4.963,1.8216,4.7
"333","2004M09",4.35462935236191,4.63924858796046,4.9469,1.7922,4.7
"334","2004M10",4.35756947244282,4.64742023710978,4.9007,1.8065,4.7
"335","2004M11",4.36071253671167,4.65249381471048,4.8836,1.8603,4.7
"336","2004M12",4.36277155278634,4.64640242531708,4.8701,1.9275,4.7
"337","2005M01",4.36503979386914,4.64640242531708,4.8726,1.8764,4.8
"338","2005M02",4.36646499437496,4.64538357652798,4.8907,1.8871,4.7
"339","2005M03",4.36825174962522,4.62270219184605,4.9876,1.9078,4.7
"340","2005M04",4.36990918328888,4.6555256512926,4.9434,1.896,4.8
"341","2005M05",4.37139458983289,4.6494527581347,4.8928,1.8538,4.8
"342","2005M06",4.37152119807007,4.66256439327408,4.8414,1.8179,4.7
"343","2005M07",4.37640619215971,4.6555256512926,4.6579,1.7509,4.7
"344","2005M08",4.37756590364759,4.64742023710978,4.595,1.7943,4.7
"345","2005M09",4.38022919192816,4.65046747156525,4.5969,1.8081,4.9
"346","2005M10",4.38182296177418,4.64334275949312,4.587,1.764,5.1
"347","2005M11",4.38226266346566,4.64843701401486,4.6185,1.7341,5.1
"348","2005M12",4.38399684134681,4.68043974510103,4.6373,1.7462,5.1
"349","2006M01",4.38682339635894,4.66556589627783,4.602,1.7678,5.2
"350","2006M02",4.38776821202928,4.6705484676223,4.582,1.747,5.2
"351","2006M03",4.38871210382951,4.6794550084385,4.5874,1.7435,5.3
"352","2006M04",4.39194406558457,4.67846930111374,4.6303,1.7685,5.4
"353","2006M05",4.39522170531386,4.68142351301117,4.7032,1.8702,5.5
"354","2006M06",4.39741024808459,4.68828292256206,4.735,1.8428,5.5
"355","2006M07",4.40108264048149,4.68142351301117,4.7332,1.8447,5.5
"356","2006M08",4.40330134809158,4.69120832689117,4.943,1.8944,5.5
"357","2006M09",4.40515445285016,4.69703358608225,5.025,1.8847,5.5
"358","2006M10",4.40676363904776,4.69120832689117,5.1318,1.8755,5.4
"359","2006M11",4.40958542068324,4.69412519818629,5.2254,1.9119,5.5
"360","2006M12",4.4123683992975,4.68925900853512,5.2899,1.9633,5.5
"361","2007M01",4.41284114119468,4.69023414269332,5.4938,1.9587,5.5
"362","2007M02",4.41460285047671,4.68436902324092,5.5657,1.9581,5.5
"363","2007M03",4.41798163561652,4.68043974510103,5.5495,1.9471,5.5
"364","2007M04",4.41856839657838,4.6705484676223,5.6502,1.9909,5.4
"365","2007M05",4.41957442431413,4.68632788772626,5.7667,1.9836,5.4
"366","2007M06",4.42155290474368,4.66756190492455,5.8802,1.9864,5.3
"367","2007M07",4.42047389204239,4.65451606009125,6.024,2.0338,5.3
"368","2007M08",4.42241161151503,4.66855841721429,6.4107,2.0111,5.3
"369","2007M09",4.42475892624169,4.65653422424749,6.6469,2.0185,5.2
"370","2007M10",4.42886073273443,4.65451606009125,6.2701,2.0446,5.2
"371","2007M11",4.43279226004774,4.65451606009125,6.4086,2.0701,5.2
"372","2007M12",4.43524662977969,4.65653422424749,6.3908,2.0185,5.2
"373","2008M01",4.43688916494309,4.6595538541212,5.6445,1.9698,5.2
"374","2008M02",4.44051857394752,4.66456639594475,5.642,1.9638,5.2
"375","2008M03",4.44224148141868,4.64843701401486,5.89,2.0032,5.3
"376","2008M04",4.44822837499706,4.67154200968117,5.9188,1.9817,5.2
"377","2008M05",4.45267288043503,4.66256439327408,5.8252,1.9641,5.4
"378","2008M06",4.45822287944321,4.66156188692445,5.9294,1.9658,5.5
"379","2008M07",4.46196293861055,4.66456639594475,5.8322,1.988,5.7
"380","2008M08",4.4658724971161,4.66756190492455,5.7666,1.8889,5.9
"381","2008M09",4.4717101500867,4.66456639594475,5.9106,1.7986,6
"382","2008M10",4.47008991678244,4.65350544858532,6.133,1.69,6.2
"383","2008M11",4.47038202845666,4.62165889493348,4.4468,1.5338,6.4
"384","2008M12",4.46575299806409,4.62165889493348,3.201,1.4859,6.5
"385","2009M01",4.46585782118422,4.58768535160879,2.3224,1.4452,6.7
"386","2009M02",4.47022768842976,4.59307039423968,2.0904,1.4411,7.1
"387","2009M03",4.47022169882202,4.58876468252847,1.8314,1.4174,7.3
"388","2009M04",4.46923318213502,4.5973576462513,1.5312,1.4715,7.6
"389","2009M05",4.47341971304285,4.57791858921907,1.3568,1.5429,7.8
"390","2009M06",4.47583880984722,4.58876468252847,1.2412,1.6366,7.9
"391","2009M07",4.47837879581167,4.59091985577645,1.0011,1.6366,7.9
"392","2009M08",4.4797529856408,4.56474606066254,0.7779,1.6539,7.8
"393","2009M09",4.48092000739373,4.58227115321792,0.6056,1.6328,7.9
"394","2009M10",4.48276041350742,4.58227115321792,0.5709,1.6199,7.8
"395","2009M11",4.48528131301441,4.5811847870057,0.6094,1.6597,7.8
"396","2009M12",4.48629663912264,4.5790085075831,0.6057,1.6239,7.7
"397","2010M01",4.49059876768553,4.57025571647351,0.613,1.6162,7.9
"398","2010M02",4.49001590898508,4.58984284974881,0.6331,1.5615,8
"399","2010M03",4.49364603679073,4.60162659617087,0.6455,1.5053,8
"400","2010M04",4.49596079112859,4.58768535160879,0.6568,1.534,7.9
"401","2010M05",4.49829407821437,4.58768535160879,0.6975,1.4627,7.9
"402","2010M06",4.50011352486812,4.57135401422257,0.7284,1.4761,7.8
"403","2010M07",4.50130443841384,4.56031637457095,0.736,1.5299,7.8
"404","2010M08",4.50364024776312,4.56474606066254,0.7333,1.566,7.8
"405","2010M09",4.50428003020694,4.5625336703796,0.7286,1.5578,7.9
"406","2010M10",4.50716820371238,4.57354699755758,0.7384,1.5862,7.9
"407","2010M11",4.51077195469649,4.55139769783911,0.739,1.5961,7.9
"408","2010M12",4.51731735128658,4.53445771059773,0.7492,1.5603,7.9
"409","2011M01",4.5234292424888,4.53331810933479,0.7692,1.5795,7.8
"410","2011M02",4.52605454825308,4.51722580804604,0.7996,1.613,7.8
"411","2011M03",4.52861440404186,4.51490562139034,0.8091,1.6159,7.7
"412","2011M04",4.53307846490077,4.50557066445429,0.8211,1.6345,7.8
"413","2011M05",4.5356073719885,4.51954062389449,0.8234,1.6312,7.9
"414","2011M06",4.53672590475935,4.524154242228,0.8251,1.6214,8
"415","2011M07",4.53977276174749,4.52069602552505,0.8289,1.6145,8.2
"416","2011M08",4.54190968836519,4.51490562139034,0.8567,1.6348,8.3
"417","2011M09",4.54840606515806,4.51374350621016,0.9181,1.5783,8.4
"418","2011M10",4.54885709994146,4.51024903556039,0.9699,1.576,8.5
"419","2011M11",4.5514135440334,4.50557066445429,1.0118,1.5804,8.4
"420","2011M12",4.5525340850577,4.51141521645057,1.0599,1.5585,8.4
"421","2012M01",4.55444281750691,4.50439764379193,1.0874,1.551,8.3
"422","2012M02",4.55686593039872,4.50557066445429,1.0725,1.5802,8.2
"423","2012M03",4.55838061747123,4.51141521645057,1.0376,1.5823,8.2
"424","2012M04",4.56084013863775,4.5160663876263,1.0174,1.6014,8.1
"425","2012M05",4.56118570693187,4.52185009374315,1.0047,1.5905,8
"426","2012M06",4.55943589131314,4.50791258589937,0.9455,1.5571,8
"427","2012M07",4.56321781627089,4.54126817960025,0.8173,1.5589,7.9
"428","2012M08",4.56521643876142,4.532177207899,0.7055,1.5719,7.9
"429","2012M09",4.5679444500249,4.50791258589937,0.648,1.6116,7.9
"430","2012M10",4.57232202384014,4.50908149310435,0.544,1.6079,7.8
"431","2012M11",4.57493540380246,4.51258003894687,0.5245,1.5961,7.8
"432","2012M12",4.57631253800319,4.524154242228,0.5187,1.6144,7.8
"433","2013M01",4.57859135446991,4.50908149310435,0.5122,1.5957,8
"434","2013M02",4.58093621228136,4.51722580804604,0.5099,1.5478,7.8
"435","2013M03",4.58297339066156,4.532177207899,0.5069,1.5076,7.8
"436","2013M04",4.58336229354186,4.52645309381511,0.5055,1.5316,7.8
"437","2013M05",4.58519064514215,4.53103500332023,0.5056,1.5285,7.7
"438","2013M06",4.58441854496796,4.54239876197054,0.5079,1.5478,7.7
"439","2013M07",4.58682842070497,4.54465609927219,0.5094,1.5172,7.7
"440","2013M08",4.58882862683929,4.53559601464779,0.5126,1.5507,7.6
"441","2013M09",4.59121619183362,4.55251689213612,0.5169,1.5865,7.4
"442","2013M10",4.59219623220928,4.55027724954262,0.5166,1.6094,7.2
"443","2013M11",4.59289234695767,4.55698118526481,0.5234,1.6104,7.2
"444","2013M12",4.59556467377471,4.55586697902141,0.5244,1.6375,7.2
"445","2014M01",4.59630678018933,4.56474606066254,0.5207,1.647,6.9
"446","2014M02",4.59747580087262,4.56364047735479,0.5215,1.6567,6.8
"447","2014M03",4.5988607535979,4.55139769783911,0.5216,1.6622,6.6
"448","2014M04",4.59967433302451,4.55363483523747,0.5267,1.6743,6.4
"449","2014M05",4.59947615529586,4.5480325796888,0.5275,1.6844,6.3
"450","2014M06",4.60267186598336,4.54690835247651,0.5439,1.6906,6.1
"451","2014M07",4.60278035391004,4.55809415143423,0.5564,1.7069,6
"452","2014M08",4.60377054988034,4.54690835247651,0.561,1.6709,6
"453","2014M09",4.60397720695123,4.55363483523747,0.5629,1.6305,6
"454","2014M10",4.60496617068798,4.55251689213612,0.5584,1.6068,5.9
"455","2014M11",4.60363248147253,4.5625336703796,0.5563,1.578,5.7
"456","2014M12",4.60251546925971,4.58227115321792,0.558,1.564,5.7
"457","2015M01",4.60162223132991,4.5984265934402,0.5625,1.5143,5.6
"458","2015M02",4.60188757426823,4.60905368601449,0.5636,1.5334,5.5
"459","2015M03",4.60222008766564,4.614325179508,0.5644,1.4957,5.5
"460","2015M04",4.60307245024418,4.6132731015572,0.5695,1.4967,5.6
"461","2015M05",4.60449580676532,4.60799604445635,0.5679,1.547,5.6
"462","2015M06",4.60561095054029,4.61011021014869,0.5719,1.5568,5.5
"463","2015M07",4.60656725651474,4.60481639153897,0.5808,1.556,5.4
"464","2015M08",4.60747035102623,4.60799604445635,0.5867,1.5583,5.3
"465","2015M09",4.60578073835341,4.60587739959607,0.5858,1.5326,5.2
"466","2015M10",4.60690055540463,4.60587739959607,0.5801,1.5339,5.1
"467","2015M11",4.60739739784415,4.59307039423968,0.5737,1.519,5.1
"468","2015M12",4.60737756327348,4.59091985577645,0.5823,1.4983,5.1
"469","2016M01",4.60884320557922,4.60587739959607,0.5897,1.4379,5.1
"470","2016M02",4.60816872547159,4.59949439920103,0.5907,1.4296,5.1
"471","2016M03",4.61021212373395,4.60799604445635,0.5883,1.425,5
"472","2016M04",4.61062659963279,4.63924858796046,0.5889,1.4312,4.9
"473","2016M05",4.61135088853425,4.62270219184605,0.5892,1.4518,4.9
"474","2016M06",4.61461020663109,4.61116561921764,0.5747,1.4209,4.9
"475","2016M07",4.6153685893131,4.61116561921764,0.5136,1.3141,5
"476","2016M08",4.61613653122133,4.60905368601449,0.4069,1.31,4.8
"477","2016M09",4.61853198223875,4.60693728310811,0.3791,1.3142,4.8
"478","2016M10",4.61999089293429,4.59199570310991,0.3975,1.2329,4.8
"479","2016M11",4.62207955984767,4.60056106596883,0.3977,1.2431,4.7
"480","2016M12",4.62505566134599,4.61537615175398,0.3733,1.2488,4.7
"481","2017M01",4.62760854517002,4.60269099222666,0.3619,1.2351,4.6
"482","2017M02",4.63094975054393,4.5973576462513,0.3567,1.249,4.6
"483","2017M03",4.63347301201986,4.5855231886043,0.3457,1.2348,4.5
"484","2017M04",4.63585298978816,4.5941439316482,0.3347,1.2652,4.4
"485","2017M05",4.63782299135188,4.59628755519145,0.3107,1.2933,4.4
"486","2017M06",4.63919321594913,4.59521631780995,0.2944,1.2813,4.3
"487","2017M07",4.64070073942706,4.60481639153897,0.2931,1.2994,4.3
"488","2017M08",4.64330864887427,4.60587739959607,0.2812,1.2955,4.3
"489","2017M09",4.64568608833921,4.62374440142449,0.3091,1.3324,4.2
"490","2017M10",4.64738337594824,4.62582556762831,0.3819,1.3197,4.3
"491","2017M11",4.65006177734978,4.63307572885338,0.5186,1.3219,4.4
"492","2017M12",4.65204765857802,4.63616692142305,0.5191,1.3402,4.3
"493","2018M01",4.6535919940282,4.63513758525394,0.5226,1.3832,4.2
"494","2018M02",4.65497715376294,4.63822242060514,0.5468,1.3961,4.2
"495","2018M03",4.656287908868,4.63616692142305,0.6245,1.397,4.2
"496","2018M04",4.65832719539299,4.63513758525394,0.7585,1.4083,4.2
"497","2018M05",4.66083644054226,4.63307572885338,0.6437,1.3459,4
"498","2018M06",4.66228764664136,4.65046747156525,0.6387,1.3288,4
"499","2018M07",4.6636278451956,4.64232078699743,0.7462,1.3169,4
"500","2018M08",4.6670289879808,4.6494527581347,0.8052,1.288,4.1
"501","2018M09",4.66741762524559,4.65148115639609,0.8009,1.3062,4.1
"502","2018M10",4.6693206650767,4.6412977690054,0.8062,1.3012,4
"503","2018M11",4.67082958645141,4.6402737033757,0.8748,1.2901,4
"504","2018M12",4.67181635900537,4.64232078699743,0.9042,1.2661,3.9
"505","2019M01",4.67135642599943,4.65249381471048,0.9185,1.2901,3.9
"506","2019M02",4.67279532305428,4.65854832361919,0.876,1.3017,3.8
"507","2019M03",4.67457958659565,4.66756190492455,0.8419,1.3165,3.8
"508","2019M04",4.67777406941572,4.64436368862723,0.8249,1.3036,3.8
"509","2019M05",4.67969846896751,4.65653422424749,0.8038,1.2841,3.9
"510","2019M06",4.6811152497191,4.6595538541212,0.7831,1.2679,3.8
"511","2019M07",4.68332106985669,4.66356589561116,0.7713,1.2469,3.9
"512","2019M08",4.68378734918445,4.65754178100778,0.7649,1.2155,3.8
"513","2019M09",4.68409300221317,4.67253456559392,0.7707,1.2354,3.8
"514","2019M10",4.68419922851589,4.68142351301117,0.784,1.2647,3.8
"515","2019M11",4.68567621272592,4.67846930111374,0.7944,1.2883,3.8
"516","2019M12",4.68479554363655,4.6794550084385,0.7896,1.3101,3.9
