"","price","Oil.supply.surprise.series","Oil.supply.news.shock","Period","Log_price"
"1",11.64,0,-0.199014664,"1977M01",2.45444744230329
"2",11.8,0,-0.033770569,"1977M02",2.46809953147162
"3",11.88,0,-0.742127229,"1977M03",2.4748563139345
"4",11.75,0,0.608637142,"1977M04",2.46385324059017
"5",11.87,0,0.726877199,"1977M05",2.47401420862158
"6",11.98,0,-0.062437277,"1977M06",2.4832385926873
"7",11.9,0,0.238823898,"1977M07",2.47653840011748
"8",12.01,0,0.687103495,"1977M08",2.48573963609189
"9",12.01,0,-0.439089059,"1977M09",2.48573963609189
"10",12.12,0,-0.845783646,"1977M10",2.49485698064117
"11",12.18,0,0.507725709,"1977M11",2.49979526228175
"12",12.27,0,0.016296612,"1977M12",2.50715725872282
"13",12.13,0,-0.403184538,"1978M01",2.49568172295596
"14",12.19,0,-0.63323764,"1978M02",2.50061594349318
"15",12.23,0,-0.303651553,"1978M03",2.50389194969908
"16",12.2,0,-0.955257739,"1978M04",2.50143595173921
"17",12.35,0,-0.964319871,"1978M05",2.51365606307399
"18",12.48,0,0.117448879,"1978M06",2.52412736294128
"19",12.45,0,0.288456254,"1978M07",2.52172062291072
"20",12.46,0,-0.875287007,"1978M08",2.52252351335931
"21",12.57,0,0.652982105,"1978M09",2.53131302260216
"22",12.62,0,-0.244938584,"1978M10",2.53528285711307
"23",12.76,0,-0.464631471,"1978M11",2.54631527791664
"24",12.93,0,-0.524406077,"1978M12",2.55955019278377
"25",13.11,0,-0.311820639,"1979M01",2.57337529777561
"26",13.42,0,0.656855736,"1979M02",2.59674613154354
"27",13.7,0,0.199907868,"1979M03",2.61739583283408
"28",14.52,0,0.183130671,"1979M04",2.67552700939665
"29",15.4,0,0.209851797,"1979M05",2.73436750941958
"30",17,0,1.016136309,"1979M06",2.83321334405622
"31",18.58,0,0.540012008,"1979M07",2.92208573338569
"32",19.75,0,1.443952802,"1979M08",2.98315349134713
"33",20.14,0,0.646974793,"1979M09",3.00270788729042
"34",20.68,0,0.536950808,"1979M10",3.02916704964023
"35",22.04,0,0.671020307,"1979M11",3.09285898428471
"36",23.63,0,0.331134419,"1979M12",3.16251709119882
"37",24.81,0,-0.125360193,"1980M01",3.21124679770371
"38",26.11,0,1.022168375,"1980M02",3.26231838271104
"39",26.88,0,-0.168225832,"1980M03",3.29138251565495
"40",27.09,0,0.349047946,"1980M04",3.299164656097
"41",27.85,0,0.176200317,"1980M05",3.32683296637329
"42",28.8,0,-0.350265053,"1980M06",3.3603753871419
"43",28.73,0,-0.328349676,"1980M07",3.3579418729912
"44",28.7,0,-0.323858266,"1980M08",3.35689712276558
"45",28.96,0,-0.920011792,"1980M09",3.36591556751752
"46",29.56,0,-0.694588844,"1980M10",3.38642209608
"47",29.79,0,-0.150256975,"1980M11",3.39417276672519
"48",31.39,0,-0.357134029,"1980M12",3.44648937085386
"49",34.86,0,0.409185321,"1981M01",3.55134004009187
"50",37.28,0,-0.002747155,"1981M02",3.61845698981739
"51",37.48,0,0.403951328,"1981M03",3.62380745737022
"52",36.58,0,0.408986961,"1981M04",3.59950164296272
"53",36.11,0,0.243226032,"1981M05",3.58656983528937
"54",35.03,0,-0.068091689,"1981M06",3.5562048372094
"55",34.7,0,0.655120133,"1981M07",3.54673968695281
"56",34.46,0,-0.640639921,"1981M08",3.53979923109978
"57",34.11,0,0.261291083,"1981M09",3.52959059643055
"58",34.07,0,-0.002117358,"1981M10",3.52841723167288
"59",34.33,0,-0.07953815,"1981M11",3.5360196074696
"60",34.33,0,0.409048968,"1981M12",3.5360196074696
"61",33.95,0,0.117526924,"1982M01",3.52488885400471
"62",33.4,0,-0.689219466,"1982M02",3.50855589998265
"63",31.81,0,-1.147054529,"1982M03",3.45978070576105
"64",30.83,0,1.151274061,"1982M04",3.42848824189806
"65",31.02,0,0.417138906,"1982M05",3.43463215774839
"66",31.74,0,0.2159453,"1982M06",3.45757771509826
"67",31.74,0,-0.004618557,"1982M07",3.45757771509826
"68",31.45,0,0.847597437,"1982M08",3.44839898314645
"69",31.4,0,0.058948336,"1982M09",3.44680789291421
"70",31.98,0,0.43668697,"1982M10",3.46511070740581
"71",32.07,0,0.985600871,"1982M11",3.46792101370506
"72",31.29,0,0.09752105,"1982M12",3.44329855768079
"73",30.73,0,-0.032107902,"1983M01",3.42523937614239
"74",29.49,0,-0.278291412,"1983M02",3.38405122282718
"75",28.64,0,-0.172993001,"1983M03",3.35480434209244
"76",28.33,0,0.153903423,"1983M04",3.34392131384243
"77",28.64,0,-0.047858019,"1983M05",3.35480434209244
"78",28.85,0,0.069400143,"1983M06",3.36210999295411
"79",28.75,0.185409739,-0.02286658,"1983M07",3.35863776724336
"80",28.88,0,0.118661763,"1983M08",3.36314931402463
"81",28.97,0,0.172378589,"1983M09",3.36626081178126
"82",29.14,0,0.144874527,"1983M10",3.37211180076706
"83",28.85,0,-0.062921081,"1983M11",3.36210999295411
"84",28.83,-0.205491394,-0.146259553,"1983M12",3.36141651165031
"85",28.67,0,0.056805623,"1984M01",3.35585127989528
"86",28.81,0,-0.302417708,"1984M02",3.36072254909644
"87",28.81,0,0.026323479,"1984M03",3.36072254909644
"88",28.77,0,0.186184947,"1984M04",3.35933317756346
"89",28.83,0,0.179299616,"1984M05",3.36141651165031
"90",28.77,0,0.372316185,"1984M06",3.35933317756346
"91",28.79,0.099996705,0.065695733,"1984M07",3.36002810462408
"92",28.69,0,-0.347482273,"1984M08",3.35654862999327
"93",28.6,0,-0.084794725,"1984M09",3.35340671782581
"94",28.56,1.030147725,0.266073919,"1984M10",3.35200713747138
"95",28.3,0,-0.145411301,"1984M11",3.34286180464919
"96",27.97,-1.353866018,-0.258067555,"1984M12",3.33113250721387
"97",27.02,0.507368318,-0.007378276,"1985M01",3.29657733253205
"98",26.49,0,-0.023669423,"1985M02",3.27676730328398
"99",26.76,0,0.605941779,"1985M03",3.28690823526003
"100",27.03,0,0.218750316,"1985M04",3.29694736028836
"101",27.12,0,-0.054151278,"1985M05",3.30027146307219
"102",26.76,0,-0.333624305,"1985M06",3.28690823526003
"103",26.59,-0.286098983,0.025518529,"1985M07",3.28053520525493
"104",26.5,0,-0.291062274,"1985M08",3.27714473299218
"105",26.45,0,0.142474601,"1985M09",3.27525615830431
"106",26.66,-1.402163868,0.462129514,"1985M10",3.28316431475056
"107",26.86,0,0.867875024,"1985M11",3.29063819109509
"108",26.72,-3.928287292,-0.579554819,"1985M12",3.28541234866844
"109",25.63,0,-1.070679317,"1986M01",3.24376354037598
"110",19.76,0,-2.481581126,"1986M02",2.98365969231972
"111",14.8,0,-0.463284391,"1986M03",2.69462718077007
"112",13.05,0.502158532,-0.161704471,"1986M04",2.5687881337687
"113",13.05,0,0.9765399,"1986M05",2.5687881337687
"114",12.83,0,-1.300922377,"1986M06",2.55178617862755
"115",11.26,0,-0.829633003,"1986M07",2.42125662271154
"116",11.93,9.390642244,2.449320596,"1986M08",2.47905623610982
"117",13.13,0,-0.965929785,"1986M09",2.57489968831471
"118",13.05,-1.134373619,-0.199403485,"1986M10",2.5687881337687
"119",13.3,0,0.395583593,"1986M11",2.58776403522771
"120",13.84,3.0093601,-0.068226632,"1986M12",2.62756295018952
"121",16.16,0,1.442346813,"1987M01",2.78253905309295
"122",16.83,0,-0.771304659,"1987M02",2.82316300820271
"123",17.04,0,-0.020815811,"1987M03",2.83556352140117
"124",17.44,0,-0.0666573,"1987M04",2.85876641848083
"125",17.85,0,0.23661832,"1987M05",2.88200350822565
"126",18.47,1.2053483,0.380676755,"1987M06",2.91614779421115
"127",19.13,0,0.780104047,"1987M07",2.95125778345216
"128",19.36,0,-0.266421383,"1987M08",2.96320908184843
"129",18.57,0,0.42366346,"1987M09",2.92154737536461
"130",18.43,0,0.525964592,"1987M10",2.91397977168173
"131",18.02,0,-0.439980031,"1987M11",2.89148225218019
"132",17.09,-4.307189234,-0.774879288,"1987M12",2.8384934971275
"133",15.68,0,-0.354945245,"1988M01",2.75238601492226
"134",15.53,0,-0.399146482,"1988M02",2.7427736371606
"135",14.84,0,-0.851798815,"1988M03",2.69732623773923
"136",15.77,0,0.399962268,"1988M04",2.75810940097495
"137",16.18,0,-0.372958498,"1988M05",2.78377591163035
"138",15.65,2.323557935,-0.560319501,"1988M06",2.75047091698616
"139",14.71,0,-0.327008276,"1988M07",2.68852753461335
"140",14.34,0,0.053597555,"1988M08",2.66305283517147
"141",13.91,0,-0.501989955,"1988M09",2.63260800593535
"142",12.96,0,-0.067256999,"1988M10",2.56186769092413
"143",12.63,5.939368978,-0.168300735,"1988M11",2.5360749363624
"144",13.98,0,1.206374997,"1988M12",2.63762773680566
"145",15.73,0,0.291280564,"1989M01",2.75556971707019
"146",16.32,0,-0.537204232,"1989M02",2.79239134953596
"147",17.52,0,0.377550037,"1989M03",2.86334308550825
"148",19.22,0,1.022490584,"1989M04",2.95595140354215
"149",19.03,0,-0.074235057,"1989M05",2.94601668130806
"150",18.43,-3.194430902,-0.379582475,"1989M06",2.91397977168173
"151",18.18,0,0.408399925,"1989M07",2.90032208874933
"152",17.23,0,-0.064094795,"1989M08",2.84665205053984
"153",17.66,0.939729451,0.594799938,"1989M09",2.87130219517581
"154",18.24,0,0.380743289,"1989M10",2.90361698464619
"155",18.39,-1.848786575,0.5483567,"1989M11",2.91180703861623
"156",19.54,0,0.759841029,"1989M12",2.97246364661464
"157",20.64,0,0.367797464,"1990M01",3.02723094061336
"158",20.31,0,-0.890892468,"1990M02",3.01111337559229
"159",19.14,0,-0.029882415,"1990M03",2.95178038602481
"160",17.05,0,-0.105192772,"1990M04",2.83615020372953
"161",16.27,0,-0.482121117,"1990M05",2.78932292123095
"162",15.11,0,-0.215255381,"1990M06",2.71535677628465
"163",16.19,0.444322699,0.421785471,"1990M07",2.78439376768954
"164",23.55,0,1.439067476,"1990M08",3.15912582046243
"165",30.03,0,0.327520237,"1990M09",3.40219688199524
"166",33.14,0,0.150936225,"1990M10",3.50074101199842
"167",30.52,0,-0.858043501,"1990M11",3.41838220641626
"168",26.09,2.775064298,-0.25785581,"1990M12",3.26155209914864
"169",22.85,0,-0.036638129,"1991M01",3.12895111734021
"170",19.03,0,-0.965629963,"1991M02",2.94601668130806
"171",17.89,3.116234878,0.65657396,"1991M03",2.88424189752063
"172",18.46,0,-0.37602834,"1991M04",2.91560622907471
"173",18.7,0,-0.158067362,"1991M05",2.92852352386054
"174",17.98,-0.621923884,-0.310615305,"1991M06",2.88926002904347
"175",18.57,0,0.201035666,"1991M07",2.92154737536461
"176",18.92,0,-0.220772312,"1991M08",2.94021956362373
"177",19.17,0.06947576,0.238074207,"1991M09",2.95334655705755
"178",20.16,0,0.4959488,"1991M10",3.00370044320317
"179",19.72,1.618880161,-0.092270505,"1991M11",2.98163334917449
"180",17.56,0,-0.983556507,"1991M12",2.86562358820697
"181",16.5,0,0.113125075,"1992M01",2.80336038090653
"182",16.3,-5.596105985,0.542226081,"1992M02",2.79116510781272
"183",16.56,0,-0.406125841,"1992M03",2.80699014895711
"184",17.66,0,0.392472984,"1992M04",2.87130219517581
"185",18.83,4.11126629,-0.003763571,"1992M05",2.93545134266906
"186",19.99,0,0.40244175,"1992M06",2.99523214851231
"187",20.1,0,-0.6721602,"1992M07",3.00071981506503
"188",19.56,0,0.545478319,"1992M08",2.97348666460667
"189",19.59,-0.625543236,0.272699151,"1992M09",2.97501923195645
"190",19.49,0,-0.200136963,"1992M10",2.96990151351947
"191",18.66,-1.520210874,-0.299755905,"1992M11",2.9263821954192
"192",17.43,0,0.421113234,"1992M12",2.85819285953193
"193",17.11,0,0.259726887,"1993M01",2.8396630879041
"194",17.64,-0.175532314,0.339590967,"1993M02",2.87016905057865
"195",18.08,0,0.102248752,"1993M03",2.89480635496403
"196",18.42,0,-0.23113356,"1993M04",2.91343703082716
"197",18.16,0,0.059292706,"1993M05",2.89922137317315
"198",17.26,-1.340307216,-0.327272108,"1993M06",2.84839168565528
"199",16.1,0,-0.348197603,"1993M07",2.77881927199042
"200",15.83,0,0.14872615,"1993M08",2.76190687389292
"201",15.59,0.22297617,-0.194757115,"1993M09",2.74662968306969
"202",15.81,0,0.105855845,"1993M10",2.76064265122138
"203",14.51,-5.315814888,-0.738354848,"1993M11",2.6748380668961
"204",12.51,0,-0.736818028,"1993M12",2.52652832447882
"205",12.83,0,0.857613738,"1994M01",2.55178617862755
"206",13.07,0,-0.553127865,"1994M02",2.57031952763613
"207",13.16,-5.005856044,-0.484614179,"1994M03",2.57718192589717
"208",14.64,0,0.724249258,"1994M04",2.68375750853317
"209",15.8,0,0.197317363,"1994M05",2.76000994003292
"210",17.21,-0.641566441,0.03431749,"1994M06",2.84549061022345
"211",17.62,0,0.427415558,"1994M07",2.86903462050803
"212",16.92,0,-0.468041178,"1994M08",2.82849635417808
"213",16.18,0,-0.154827873,"1994M09",2.78377591163035
"214",16.31,0,0.331558207,"1994M10",2.79177841663292
"215",16.54,1.712301877,-0.078292693,"1994M11",2.80578168959555
"216",16.03,0,-0.586399611,"1994M12",2.77446196662146
"217",16.54,0,0.405949338,"1995M01",2.80578168959555
"218",17.18,0,0.193759407,"1995M02",2.84374591655611
"219",17.26,0,-0.495189389,"1995M03",2.84839168565528
"220",18.43,0,0.687940101,"1995M04",2.91397977168173
"221",18.62,0,-0.312585914,"1995M05",2.92423627184892
"222",17.69,0.373294589,-0.442624957,"1995M06",2.87299950817169
"223",16.68,0,-0.006204612,"1995M07",2.8142103969306
"224",16.75,0,0.021801245,"1995M08",2.81839825827108
"225",16.91,0,0.376228698,"1995M09",2.82790516291049
"226",16.55,0,-0.187534251,"1995M10",2.80638610182307
"227",16.62,-0.112276185,0.341371163,"1995M11",2.8106067894273
"228",17.54,0,0.065965106,"1995M12",2.86448398694404
"229",17.74,0,-0.184582921,"1996M01",2.87582197688143
"230",17.95,0,0.022049383,"1996M02",2.88759011493429
"231",19.76,0,0.729716501,"1996M03",2.98365969231972
"232",21.63,0,0.382927569,"1996M04",3.07408123996497
"233",20.61,0,-1.306383181,"1996M05",3.02577639490237
"234",19.31,0.973784992,0.483731947,"1996M06",2.96062309644042
"235",19.76,0,0.413187726,"1996M07",2.98365969231972
"236",20.54,0,0.254364211,"1996M08",3.02237420450041
"237",21.96,0,0.307380934,"1996M09",3.08922261664133
"238",23.08,0,0.138741663,"1996M10",3.1389664416399
"239",22.87,4.027703247,-0.612076077,"1996M11",3.12982600803469
"240",23.3,0,0.632304381,"1996M12",3.14845336057165
"241",23.59,0,0.031565617,"1997M01",3.16082289341958
"242",21.64,0,-1.22754341,"1997M02",3.07454345397828
"243",19.82,0,-0.086450051,"1997M03",2.98669152890184
"244",18.35,0,-0.218970365,"1997M04",2.90962957450058
"245",18.79,0,0.183886216,"1997M05",2.93332481342537
"246",17.8,-2.160608715,-1.567377527,"1997M06",2.87919845729804
"247",17.84,0,-0.044627607,"1997M07",2.88144312715186
"248",18.19,0,-0.352387491,"1997M08",2.90087199253003
"249",18.14,0,-0.283810293,"1997M09",2.89811944468699
"250",19.17,0,0.369451855,"1997M10",2.95334655705755
"251",18.52,0,-0.150348653,"1997M11",2.91885122921803
"252",16.91,-0.747861635,-0.623609522,"1997M12",2.82790516291049
"253",15.04,0,-0.448357939,"1998M01",2.71071331852169
"254",13.98,0,-0.073331585,"1998M02",2.63762773680566
"255",12.84,-2.431643063,-0.830687354,"1998M03",2.55256529826182
"256",13.06,0,0.346071404,"1998M04",2.56955412384829
"257",12.95,0,-0.252706002,"1998M05",2.56109578814555
"258",11.94,-0.337737198,-0.695312063,"1998M06",2.47989410796446
"259",11.9,0,0.293972393,"1998M07",2.47653840011748
"260",11.77,0,-1.115162116,"1998M08",2.46555392127219
"261",13.01,0,0.45806745,"1998M09",2.56571829252441
"262",12.61,0,-0.370253845,"1998M10",2.53449014997683
"263",11.56,-2.72985204,-0.939397003,"1998M11",2.44755086324423
"264",9.81,0,-0.873543218,"1998M12",2.28340227357727
"265",10.43,0,1.212863177,"1999M01",2.34468626901268
"266",10.55,0,-0.888465052,"1999M02",2.35612585992208
"267",12.13,-1.742694025,0.815725902,"1999M03",2.49568172295596
"268",14.95,0,0.38324285,"1999M04",2.7047112998367
"269",15.95,0,-0.192072683,"1999M05",2.76945882923085
"270",16.06,0,-0.148779842,"1999M06",2.77633170851862
"271",18.07,0,1.064074776,"1999M07",2.89425310460414
"272",19.57,0,0.086582084,"1999M08",2.97399778140798
"273",21.68,-1.227615091,0.860175698,"1999M09",3.07639017657145
"274",21.93,0,-1.005715206,"1999M10",3.0878555624298
"275",23.12,0,0.590910046,"1999M11",3.14069804380418
"276",24.51,0,-0.041955232,"1999M12",3.19908119754002
"277",25.49,0,0.429291042,"2000M01",3.23828621838802
"278",27.55,0,0.466206536,"2000M02",3.31600253559892
"279",28.41,0.722873678,-0.14043997,"2000M03",3.3467411958661
"280",24.97,0,-1.335683518,"2000M04",3.21767510429168
"281",26.46,0,0.958343604,"2000M05",3.27563415868681
"282",29.13,-0.715457862,0.608688592,"2000M06",3.37176857097134
"283",28.74,0,-0.587393538,"2000M07",3.35828988065088
"284",29.01,0,0.77497472,"2000M08",3.36764059813331
"285",31.13,3.944471186,0.808271884,"2000M09",3.43817198445352
"286",30.63,0,-0.380671037,"2000M10",3.42197992084468
"287",31,0.650990994,0.352465223,"2000M11",3.43398720448515
"288",26.31,0,-1.383543357,"2000M12",3.2699490950522
"289",25.45,-1.291626347,0.61180635,"2001M01",3.23671574299653
"290",26.09,0,-0.417472312,"2001M02",3.26155209914864
"291",24.05,-0.458700082,-0.070079108,"2001M03",3.18013499655177
"292",23.87,0,-0.010501249,"2001M04",3.17262244035074
"293",25.31,0,-0.107387225,"2001M05",3.23119957455703
"294",24.92,0.979318759,-0.515372259,"2001M06",3.21567069391925
"295",23.76,2.038876144,0.03085634,"2001M07",3.16800349449444
"296",24.44,0,-0.048676025,"2001M08",3.19622113430339
"297",23.73,1.772574011,-0.260649134,"2001M09",3.16674007044767
"298",20.04,0,-0.483351706,"2001M10",2.99773027621666
"299",17.24,-7.213044782,-0.964742322,"2001M11",2.84723226523555
"300",16.52,-1.891766303,0.264146763,"2001M12",2.80457176809283
"301",17.38,0,-0.359910093,"2002M01",2.85532011983725
"302",18.43,0,0.724052616,"2002M02",2.91397977168173
"303",22,0.044116362,0.358930059,"2002M03",3.09104245335832
"304",24.1,0,-0.456486802,"2002M04",3.18221184049661
"305",25.03,0,0.025584347,"2002M05",3.22007510544368
"306",24.05,1.13478732,-0.721514871,"2002M06",3.18013499655177
"307",25.16,0,0.177591389,"2002M07",3.22525543183224
"308",26.19,0,0.473735846,"2002M08",3.26537765851962
"309",27.66,0.80264685,-0.132068853,"2002M09",3.31998732623661
"310",26.7,0,0.126818042,"2002M10",3.2846635654062
"311",24.6,0,-0.460566073,"2002M11",3.20274644293832
"312",26.93,1.686295314,1.187564511,"2002M12",3.29324090682351
"313",30.52,2.008572548,0.825584282,"2003M01",3.41838220641626
"314",33,0,0.453415839,"2003M02",3.49650756146648
"315",30.65,-0.015089852,-0.263144822,"2003M03",3.42263266238222
"316",26.02,0.776012302,-1.165873384,"2003M04",3.25886547308436
"317",25.74,0,0.251776829,"2003M05",3.24804620216798
"318",27.92,0.90732506,0.741214294,"2003M06",3.32934327789417
"319",28.55,0.006756603,-0.00284424,"2003M07",3.35165693610202
"320",29.15,0,0.263580182,"2003M08",3.3724549127965
"321",26.39,2.467065491,-0.800672063,"2003M09",3.27298515051523
"322",27.75,0,0.754723979,"2003M10",3.32323584019244
"323",28.28,0,-0.03727414,"2003M11",3.34215484102837
"324",29.28,0.880982985,-0.05162861,"2003M12",3.37690468909311
"325",30.93,0,0.221172226,"2004M01",3.43172658669698
"326",31.72,2.669220222,0.056981762,"2004M02",3.45694739676665
"327",33.1,-0.709152762,0.28811994,"2004M03",3.49953328238302
"328",33.47,0,-0.365410178,"2004M04",3.51064951522324
"329",36.32,0,0.60732541,"2004M05",3.59236855373309
"330",34.59,-0.912604643,-0.207552139,"2004M06",3.54356462294908
"331",36.68,0,0.322945588,"2004M07",3.60223164738826
"332",40.3,0,0.238087376,"2004M08",3.69635146895264
"333",41.35,-1.652096679,0.145864004,"2004M09",3.7220724214697
"334",46.13,0,1.157289069,"2004M10",3.83146349756973
"335",41.77,0,-0.382739586,"2004M11",3.73217837850908
"336",36.6,-3.212158125,-1.078278093,"2004M12",3.60004824040732
"337",39.01,2.13208763,0.480904142,"2005M01",3.66381802351856
"338",41.05,0,0.18565741,"2005M02",3.71479083589844
"339",46.78,3.017426614,0.989192486,"2005M03",3.84545576115603
"340",46.71,0,-0.713189358,"2005M04",3.84395827451402
"341",44.84,0,0.002905731,"2005M05",3.80310059820396
"342",50.3,0.302097975,0.649138241,"2005M06",3.91800507710569
"343",53.83,0,0.260549948,"2005M07",3.98583093257287
"344",59.3,0,1.037158495,"2005M08",4.08260930600368
"345",60.18,-1.709791478,0.173129426,"2005M09",4.0973400712019
"346",57.18,0,-0.524416541,"2005M10",4.04620418689417
"347",52.13,0,-1.150615634,"2005M11",3.95374059878001
"348",52.51,2.928491826,0.119737055,"2005M12",3.96100362764977
"349",57.33,-0.190586608,0.095421138,"2006M01",4.04882404692029
"350",54.82,0,-0.342141667,"2006M02",4.00405509087464
"351",56.38,-1.873974626,-0.091101965,"2006M03",4.03211448568597
"352",62.98,0,0.689630016,"2006M04",4.14281721567288
"353",65.34,0,-0.388344719,"2006M05",4.17960440617292
"354",65.13,-1.226591586,-0.429766667,"2006M06",4.17638527255831
"355",68.86,0,0.066215455,"2006M07",4.23207545791038
"356",67.77,0,-0.161702375,"2006M08",4.21611961914802
"357",58.92,-1.169165555,-0.795156776,"2006M09",4.07618059159443
"358",54.04,-1.058036346,-0.442477404,"2006M10",3.989724513092
"359",53.61,0,-0.087940865,"2006M11",3.98173561783945
"360",55.98,1.730173753,-0.06509476,"2006M12",4.02499448408731
"361",50.77,0,-1.015377578,"2007M01",3.9273056289593
"362",54.45,0,0.44261187,"2007M02",3.99728284937897
"363",56.84,-0.729986703,-0.611153503,"2007M03",4.0402403032289
"364",60.68,0,0.246696803,"2007M04",4.10561415448033
"365",61.71,0,-0.372155957,"2007M05",4.12244599233298
"366",65.14,0,0.362825167,"2007M06",4.17653879984809
"367",71.24,0,0.226633249,"2007M07",4.26605445842146
"368",69.46,0,-0.732962334,"2007M08",4.24075104731593
"369",73.54,1.153324139,0.819837726,"2007M09",4.29782947587313
"370",79.87,0,0.425304892,"2007M10",4.3804003129293
"371",86.78,0,0.377637972,"2007M11",4.4633761803702
"372",85.29,-0.873270149,-0.062581594,"2007M12",4.44605721433102
"373",86.48,0,0.158460826,"2008M01",4.45991317333095
"374",89.09,-2.55157541,0.41677761,"2008M02",4.48964709473255
"375",97.96,4.230767938,1.347672186,"2008M03",4.58455923208397
"376",106.09,0,0.119268469,"2008M04",4.66428779047118
"377",117.64,0,1.094738388,"2008M05",4.76762911368579
"378",127.32,0,0.791149112,"2008M06",4.84670360241389
"379",129.03,0,0.399827414,"2008M07",4.86004493546375
"380",113.74,0,-0.403501841,"2008M08",4.73391514187865
"381",98.91,-0.795833182,0.309194487,"2008M09",4.59421034575175
"382",74.22,-5.33744626,-2.449540262,"2008M10",4.30703365563245
"383",53.33,0,-1.170592469,"2008M11",3.97649902461251
"384",37.67,-2.209707041,-0.81284504,"2008M12",3.62886402170395
"385",37.45,0,1.594975757,"2009M01",3.62300670996323
"386",38.15,0,-0.089463529,"2009M02",3.64152575773047
"387",45.57,1.891246775,1.557374606,"2009M03",3.81924960527579
"388",48.78,0,-0.543337279,"2009M04",3.88732039278777
"389",55.96,2.919025106,0.984557227,"2009M05",4.02463714979728
"390",65.72,0,0.83336196,"2009M06",4.18540329316907
"391",63.58,0,-0.878279263,"2009M07",4.15229895548266
"392",67.99,0,1.058904733,"2009M08",4.21936063553837
"393",67.74,0.721026861,-0.156384857,"2009M09",4.21567684738963
"394",72.08,0,0.501490889,"2009M10",4.27777661330008
"395",74.48,0,0.105741496,"2009M11",4.31053063296881
"396",72.95,1.25062987,-0.799756151,"2009M12",4.28977427496879
"397",75.48,0,-0.009671484,"2010M01",4.32386772050035
"398",74.58,0,-0.355907058,"2010M02",4.31187237475068
"399",77.43,1.523912432,-0.15785833,"2010M03",4.34937430239863
"400",80.83,0,-0.130797689,"2010M04",4.39234818374575
"401",72.66,0,-1.219540732,"2010M05",4.28579102679306
"402",72.66,0,0.761276743,"2010M06",4.28579102679306
"403",73.73,0,0.098598025,"2010M07",4.30040977200156
"404",74.58,0,0.107927473,"2010M08",4.31187237475068
"405",73.85,0,-0.316025799,"2010M09",4.30203600897739
"406",77.76,-0.49798967,0.95302418,"2010M10",4.35362716015218
"407",80.85,0,0.218803611,"2010M11",4.39259558602312
"408",85.95,1.056699097,-0.091926483,"2010M12",4.45376573182886
"409",88.04,0,0.03070236,"2011M01",4.47779125665826
"410",90.66,0,0.195111296,"2011M02",4.5071162455127
"411",102.43,0,1.117874882,"2011M03",4.62917963844844
"412",112.51,0,0.557097045,"2011M04",4.72304210658298
"413",107.84,0,-0.891865475,"2011M05",4.680648647164
"414",104.23,1.506232112,-0.457771145,"2011M06",4.64659999575123
"415",104.68,0,-0.16851731,"2011M07",4.65090807766195
"416",97.7,0,-1.295529918,"2011M08",4.58190155904874
"417",99.39,0,0.282082239,"2011M09",4.59905150497991
"418",100.57,0,-0.005421291,"2011M10",4.61085400245639
"419",107.28,0,0.886979708,"2011M11",4.67544223897342
"420",105.69,-4.976674259,-0.019205203,"2011M12",4.66051028102126
"421",104.71,0,0.274126864,"2012M01",4.65119462429937
"422",107.18,0,0.064761631,"2012M02",4.6745096640667
"423",110.92,0,0.891443751,"2012M03",4.70880922074758
"424",109.68,0,0.19759,"2012M04",4.69756703525406
"425",103.17,0,-0.386198826,"2012M05",4.63637811311228
"426",91.96,1.460220756,-0.438399005,"2012M06",4.52135369989498
"427",92.84,0,1.177374427,"2012M07",4.53087758140624
"428",97.7,0,0.666303763,"2012M08",4.58190155904874
"429",101.97,0,0.183655709,"2012M09",4.62467865237613
"430",100.02,0,-0.651247753,"2012M10",4.60537016599076
"431",96.78,0,-0.124550376,"2012M11",4.57244036136517
"432",95.06,0.961691248,-0.191548342,"2012M12",4.55450827118586
"433",100.78,0,0.503339378,"2013M01",4.61293992325245
"434",101.45,0,0.007855355,"2013M02",4.61956606627182
"435",101.23,0,-0.103487204,"2013M03",4.61739515561066
"436",99.5,0,-0.322009899,"2013M04",4.60015764416455
"437",100.17,-1.404758358,0.206264306,"2013M05",4.60686874262367
"438",98.67,0,0.147829329,"2013M06",4.59178094886908
"439",103.85,0,1.027717608,"2013M07",4.64294755032212
"440",106.2,0,-0.025199157,"2013M08",4.66532410880784
"441",105.7,0,0.282361101,"2013M09",4.66060489287619
"442",100.41,0,-0.037434634,"2013M10",4.60926180389134
"443",93.32,0,-0.285795037,"2013M11",4.53603444715323
"444",94.32,0.974068548,0.655590339,"2013M12",4.54669325622912
"445",93.58,0,-0.19538625,"2014M01",4.53881668543807
"446",99.36,0,0.090603058,"2014M02",4.59874961818517
"447",100.09,0,-0.334278328,"2014M03",4.60606978123093
"448",100.15,0,-0.193591532,"2014M04",4.60666906211183
"449",100.61,0,-0.096394791,"2014M05",4.61125165630396
"450",102.51,0.392532082,0.445881626,"2014M06",4.62996035479531
"451",101.22,0,-0.548676771,"2014M07",4.61729636578593
"452",95.61,0,-0.097574378,"2014M08",4.56027741709736
"453",92.26,0,0.04823004,"2014M09",4.52461067812967
"454",84.99,0,-0.549601739,"2014M10",4.44253360251053
"455",75.66,-9.879095782,-0.892730947,"2014M11",4.32624961920488
"456",60.7,0,-1.381633723,"2014M12",4.10594369806545
"457",47,0,-1.320607655,"2015M01",3.85014760171006
"458",48.92,0,1.32347512,"2015M02",3.89018631081897
"459",47.99,0,-0.093543308,"2015M03",3.87099265587015
"460",53.51,0,0.949272538,"2015M04",3.97986855232321
"461",58.65,0,0.606130588,"2015M05",4.07158757509948
"462",60.12,2.378457167,-0.579399872,"2015M06",4.09634256488477
"463",53.4,0,-1.345653587,"2015M07",3.97781074596615
"464",44.97,0,-0.677288842,"2015M08",3.80599560078262
"465",44.38,0,1.085947574,"2015M09",3.79278891750445
"466",44.77,0,-0.069502738,"2015M10",3.80153827225287
"467",41.43,0,-0.466922143,"2015M11",3.72400525608931
"468",35.63,-2.014162926,-0.745718963,"2015M12",3.57318797961774
"469",29.99,0,-1.442049043,"2016M01",3.40086399276092
"470",28.53,0,-0.146890426,"2016M02",3.35095616522541
"471",33.82,0,1.362883449,"2016M03",3.52105234347043
"472",37.71,0,-0.355997506,"2016M04",3.62992531127027
"473",42.88,0,0.685508108,"2016M05",3.75840551676255
"474",45.96,0.547374162,0.046003688,"2016M06",3.82777145298056
"475",43.26,0,-0.648674271,"2016M07",3.76722842052491
"476",42.7,0,0.013401181,"2016M08",3.75419892023458
"477",42.73,1.44204172,0.09602704,"2016M09",3.75490124965593
"478",46.85,0,0.782607459,"2016M10",3.84695100868443
"479",44.06,7.913565575,-0.606499197,"2016M11",3.7855523413742
"480",48.66,2.012779784,0.915386904,"2016M12",3.88485733735538
"481",49.99,0,-0.014898965,"2017M01",3.91182298542548
"482",51.24,0,0.307327377,"2017M02",3.93652047702853
"483",48.65,0,-1.257024377,"2017M03",3.88465180863201
"484",49.47,0,-0.092513973,"2017M04",3.90136642523962
"485",48.47,-4.474563857,-0.822490932,"2017M05",3.88094504985728
"486",45.25,0,-0.365344457,"2017M06",3.81220267014594
"487",46.27,0,-0.067384024,"2017M07",3.83449380291891
"488",48.22,0,-0.293199201,"2017M08",3.87577387275303
"489",50.78,0,0.60907122,"2017M09",3.92750257627653
"490",52.67,0,-0.407913342,"2017M10",3.9640460334953
"491",57.75,0.179783485,-0.225588666,"2017M11",4.0561233494019
"492",59.53,0,-0.262233205,"2017M12",4.0864803871653
"493",63.25,0,0.981993107,"2018M01",4.14709512760763
"494",61.74,0,-0.475793435,"2018M02",4.12293201907401
"495",60.81,0,-0.09990052,"2018M03",4.10775424913202
"496",64.41,0,0.718185941,"2018M04",4.1652689005588
"497",68.91,0,0.386941398,"2018M05",4.23280130536912
"498",68.35,-0.453253585,-0.539067013,"2018M06",4.22464156316996
"499",70.29,0,0.571300654,"2018M07",4.25262954118781
"500",67.68,0,0.159989359,"2018M08",4.21479071529797
"501",69.29,0,0.740896595,"2018M09",4.23830059563929
"502",70.99,0,0.19642777,"2018M10",4.26253902205129
"503",59.01,0,-1.69575045,"2018M11",4.07770692106908
"504",48.83,2.045341607,-0.373892333,"2018M12",3.88834487807357
"505",52.29,0,0.526194238,"2019M01",3.95680514820004
"506",57.62,0,0.275011056,"2019M02",4.05386972965638
"507",61.64,0,-0.150897773,"2019M03",4.12131101045192
"508",66.51,0,0.389105751,"2019M04",4.19735231229633
"509",65.11,0,-0.713352523,"2019M05",4.17607814724877
"510",59.16,0,-0.793095226,"2019M06",4.0802456378426
"511",60.53,-4.308575667,0.181889938,"2019M07",4.1031391099036
"512",56.9,0,-0.213957732,"2019M08",4.04129534113228
"513",58.6,0,0.468173541,"2019M09",4.07073469658297
"514",55.85,0,-0.322548212,"2019M10",4.02266952551521
"515",57.88,0,0.607323109,"2019M11",4.05837190176328
"516",60.27,1.058296124,0.184567235,"2019M12",4.09883446749495
